Div,Date,HomeTeam,AwayTeam,FTHG,FTAG,FTR,HTHG,HTAG,HTR,Referee,HS,AS,HST,AST,HF,AF,HC,AC,HY,AY,HR,AR,HomePPG,AwayPPG,HomeFormPoints,AwayFormPoints,HomeFormGoals,AwayFormGoals
E0,2018-08-10,Man United,Leicester,2,1,H,1,0,H,A Marriner,8,13,6,4,11,8,2,5,2,1,0,0,0.0,0.0,0,0,0,0
E0,2018-08-11,Bournemouth,Cardiff,2,0,H,1,0,H,K Friend,12,10,4,1,11,9,7,4,1,1,0,0,0.0,0.0,0,0,0,0
E0,2018-08-11,Fulham,Crystal Palace,0,2,A,0,1,A,M Dean,15,10,6,9,9,11,5,5,1,2,0,0,0.0,0.0,0,0,0,0
E0,2018-08-11,Huddersfield,Chelsea,0,3,A,0,2,A,C Kavanagh,6,13,1,4,9,8,2,5,2,1,0,0,0.0,0.0,0,0,0,0
E0,2018-08-11,Newcastle,Tottenham,1,2,A,1,2,A,M Atkinson,15,15,2,5,11,12,3,5,2,2,0,0,0.0,0.0,0,0,0,0
E0,2018-08-11,Watford,Brighton,2,0,H,1,0,H,J Moss,19,6,5,0,10,16,8,2,2,2,0,0,0.0,0.0,0,0,0,0
E0,2018-08-11,Wolves,Everton,2,2,D,1,1,D,C Pawson,11,6,4,5,8,7,3,6,0,1,0,1,0.0,0.0,0,0,0,0
E0,2018-08-12,Arsenal,Man City,0,2,A,0,1,A,M Oliver,9,17,3,8,11,14,2,9,2,2,0,0,0.0,0.0,0,0,0,0
E0,2018-08-12,Liverpool,West Ham,4,0,H,2,0,H,A Taylor,18,5,8,2,14,9,5,4,1,2,0,0,0.0,0.0,0,0,0,0
E0,2018-08-12,Southampton,Burnley,0,0,D,0,0,D,G Scott,18,16,3,6,10,9,8,5,0,1,0,0,0.0,0.0,0,0,0,0
E0,2018-08-18,Everton,Southampton,2,1,H,2,0,H,L Mason,13,15,7,4,8,20,2,5,0,5,0,0,0.0,0.0,0,0,0,0
E0,2018-08-18,Cardiff,Newcastle,0,0,D,0,0,D,C Pawson,12,12,1,6,14,16,5,5,2,2,0,1,0.0,0.0,0,0,0,0
E0,2018-08-18,Chelsea,Arsenal,3,2,H,2,2,D,M Atkinson,24,15,11,6,12,9,5,1,0,2,0,0,0.0,0.0,0,0,0,0
E0,2018-08-18,Tottenham,Fulham,3,1,H,1,0,H,A Taylor,25,10,11,3,9,5,5,2,0,0,0,0,0.0,0.0,0,0,0,0
E0,2018-08-18,West Ham,Bournemouth,1,2,A,1,0,H,S Attwell,11,12,5,5,14,10,6,4,6,2,0,0,0.0,0.0,0,0,0,0
E0,2018-08-18,Leicester,Wolves,2,0,H,2,0,H,M Dean,6,11,2,3,10,8,1,9,2,1,1,0,0.0,0.0,0,0,0,0
E0,2018-08-19,Brighton,Man United,3,2,H,3,1,H,K Friend,6,9,3,3,16,13,3,5,1,1,0,0,0.0,0.0,0,0,0,0
E0,2018-08-19,Burnley,Watford,1,3,A,1,1,D,P Tierney,8,9,3,6,8,19,5,2,1,2,0,0,0.0,0.0,0,0,0,0
E0,2018-08-19,Man City,Huddersfield,6,1,H,3,1,H,A Marriner,32,5,14,1,9,4,10,3,0,2,0,0,0.0,0.0,0,0,0,0
E0,2018-08-20,Crystal Palace,Liverpool,0,2,A,0,1,A,M Oliver,8,16,2,6,6,13,6,7,1,1,1,0,0.0,0.0,0,0,0,0
E0,2018-08-25,Arsenal,West Ham,3,1,H,1,1,D,G Scott,17,13,10,5,16,13,10,2,1,3,0,0,0.0,0.0,0,0,0,0
E0,2018-08-25,Huddersfield,Cardiff,0,0,D,0,0,D,M Oliver,5,14,1,4,8,10,7,7,0,1,1,0,0.0,0.0,0,0,0,0
E0,2018-08-25,Bournemouth,Everton,2,2,D,0,0,D,L Probert,17,11,5,3,12,10,6,2,0,3,1,1,3.0,1.0,3,1,2,2
E0,2018-08-25,Wolves,Man City,1,1,D,0,0,D,M Atkinson,11,18,2,6,13,8,5,9,1,2,0,0,1.0,3.0,1,3,2,2
E0,2018-08-25,Southampton,Leicester,1,2,A,0,0,D,J Moss,11,8,5,5,13,11,10,3,1,1,1,0,1.0,0.0,1,0,0,1
E0,2018-08-25,Liverpool,Brighton,1,0,H,1,0,H,C Kavanagh,22,6,8,2,8,14,8,5,1,1,0,0,3.0,0.0,3,0,4,0
E0,2018-08-26,Fulham,Burnley,4,2,H,3,2,H,D Coote,25,12,12,2,11,8,6,4,2,1,0,0,0.0,1.0,0,1,0,0
E0,2018-08-26,Newcastle,Chelsea,1,2,A,0,0,D,P Tierney,6,15,2,3,16,8,4,5,3,1,0,0,0.0,3.0,0,3,1,3
E0,2018-08-26,Watford,Crystal Palace,2,1,H,0,0,D,A Taylor,13,9,5,3,14,11,6,3,4,2,0,0,3.0,3.0,3,3,2,2
E0,2018-08-27,Man United,Tottenham,0,3,A,0,0,D,C Pawson,23,9,5,5,11,16,5,2,2,4,0,0,3.0,3.0,3,3,2,2
E0,2018-09-01,Crystal Palace,Southampton,0,2,A,0,0,D,M Atkinson,20,19,6,6,11,12,7,4,1,1,0,0,0.0,0.0,0,0,0,1
E0,2018-09-01,Everton,Huddersfield,1,1,D,1,1,D,S Attwell,11,9,1,6,13,14,4,3,3,3,0,0,3.0,0.0,3,0,2,1
E0,2018-09-01,Brighton,Fulham,2,2,D,0,1,A,L Probert,15,10,5,5,12,14,7,1,3,3,0,0,3.0,0.0,3,0,3,1
E0,2018-09-01,Chelsea,Bournemouth,2,0,H,0,0,D,L Mason,24,8,6,1,10,7,7,6,2,2,0,0,3.0,3.0,3,3,3,2
E0,2018-09-01,Leicester,Liverpool,1,2,A,0,2,A,P Tierney,12,10,5,4,9,12,4,4,3,2,0,0,3.0,3.0,3,3,2,2
E0,2018-09-01,Man City,Newcastle,2,1,H,1,1,D,K Friend,24,3,8,2,5,13,4,0,0,0,0,0,3.0,1.0,3,1,6,0
E0,2018-09-01,West Ham,Wolves,0,1,A,0,0,D,C Kavanagh,13,15,3,6,10,11,4,4,2,1,0,0,0.0,0.0,0,0,1,0
E0,2018-09-02,Burnley,Man United,0,2,A,0,2,A,J Moss,9,21,2,9,7,13,2,5,2,3,0,1,0.0,0.0,0,0,1,2
E0,2018-09-02,Cardiff,Arsenal,2,3,A,1,1,D,A Taylor,14,17,3,11,12,14,3,9,3,4,0,0,1.0,0.0,1,0,0,2
E0,2018-09-02,Watford,Tottenham,2,1,H,0,0,D,A Marriner,7,11,3,2,9,8,3,10,2,1,0,0,3.0,3.0,6,6,4,5
E0,2018-09-15,Chelsea,Cardiff,4,1,H,2,1,H,J Moss,18,6,7,2,8,10,5,4,0,0,0,0,3.0,0.5,6,1,5,0
E0,2018-09-15,Bournemouth,Leicester,4,2,H,3,0,H,C Pawson,10,14,5,8,13,15,4,6,3,2,0,1,2.0,1.5,4,3,4,3
E0,2018-09-15,Watford,Man United,1,2,A,0,2,A,M Dean,14,9,5,6,9,11,6,8,2,1,0,1,3.0,1.5,9,3,6,4
E0,2018-09-15,Huddersfield,Crystal Palace,0,1,A,0,1,A,L Mason,15,7,2,2,11,17,5,3,1,2,0,0,0.5,1.5,1,3,0,3
E0,2018-09-15,Tottenham,Liverpool,1,2,A,0,1,A,M Oliver,11,17,3,10,17,16,5,4,0,0,0,0,3.0,3.0,3,6,3,4
E0,2018-09-15,Newcastle,Arsenal,1,2,A,0,0,D,L Probert,4,12,2,2,13,11,10,4,0,0,0,0,0.0,1.5,0,3,2,5
E0,2018-09-15,Man City,Fulham,3,0,H,2,0,H,S Attwell,28,9,9,3,7,7,10,4,0,0,0,0,3.0,0.5,6,1,8,3
E0,2018-09-16,Everton,West Ham,1,3,A,1,2,A,M Atkinson,16,9,4,4,15,12,4,2,2,5,0,0,2.0,0.0,4,0,3,1
E0,2018-09-16,Wolves,Burnley,1,0,H,0,0,D,A Marriner,30,7,7,2,10,9,8,2,2,4,0,0,1.0,0.5,2,1,3,2
E0,2018-09-17,Southampton,Brighton,2,2,D,1,0,H,A Taylor,14,12,5,4,10,13,1,4,2,3,0,0,0.5,0.0,1,0,1,0
E0,2018-09-22,Crystal Palace,Newcastle,0,0,D,0,0,D,A Marriner,16,6,4,3,8,11,9,5,1,1,0,0,0.0,0.5,0,1,0,1
E0,2018-09-22,Brighton,Tottenham,1,2,A,0,1,A,C Kavanagh,8,16,4,7,15,9,5,7,2,1,0,0,2.0,2.0,4,6,5,6
E0,2018-09-22,Cardiff,Man City,0,5,A,0,3,A,M Oliver,2,21,2,10,6,4,1,9,1,1,0,0,0.5,2.0,1,4,2,3
E0,2018-09-22,Burnley,Bournemouth,4,0,H,2,0,H,A Taylor,12,19,5,5,17,6,3,8,2,0,0,0,0.0,1.5,0,3,1,2
E0,2018-09-22,Fulham,Watford,1,1,D,0,1,A,M Atkinson,15,11,3,6,11,9,8,8,2,1,0,0,1.5,3.0,3,3,4,3
E0,2018-09-22,Liverpool,Southampton,3,0,H,3,0,H,P Tierney,12,7,4,1,7,10,5,4,0,2,0,0,3.0,1.5,6,3,5,3
E0,2018-09-22,Man United,Wolves,1,1,D,1,0,H,K Friend,15,11,6,8,5,17,5,4,1,1,0,0,1.5,1.5,3,3,2,1
E0,2018-09-22,Leicester,Huddersfield,3,1,H,1,1,D,D Coote,18,9,8,2,10,16,3,1,2,1,0,0,1.5,0.5,3,1,3,2
E0,2018-09-23,Arsenal,Everton,2,0,H,0,0,D,J Moss,9,9,5,6,17,12,5,9,2,1,0,0,1.5,1.0,3,2,3,4
E0,2018-09-23,West Ham,Chelsea,0,0,D,0,0,D,M Dean,6,17,1,6,11,9,1,8,2,1,0,0,0.0,3.0,0,6,1,5
E0,2018-09-29,Newcastle,Leicester,0,2,A,0,1,A,S Hooper,6,12,1,5,11,5,5,9,0,0,0,0,0.0,1.0,0,3,3,5
E0,2018-09-29,West Ham,Man United,3,1,H,2,0,H,M Oliver,8,9,3,4,12,12,4,9,0,1,0,0,0.3333333333333333,2.0,1,6,1,6
E0,2018-09-29,Arsenal,Watford,2,0,H,0,0,D,A Taylor,9,13,2,4,11,17,6,6,2,2,0,0,2.0,2.0,6,4,5,4
E0,2018-09-29,Chelsea,Liverpool,1,1,D,1,0,H,A Marriner,10,13,4,6,7,9,4,4,0,2,0,0,3.0,3.0,9,9,9,6
E0,2018-09-29,Everton,Fulham,3,0,H,0,0,D,R East,19,6,6,0,13,13,12,1,0,3,0,0,1.3333333333333333,0.3333333333333333,4,1,4,3
E0,2018-09-29,Huddersfield,Tottenham,0,2,A,0,2,A,C Pawson,9,10,5,6,17,16,3,0,2,2,0,0,0.3333333333333333,2.25,1,9,0,8
E0,2018-09-29,Man City,Brighton,2,0,H,1,0,H,L Mason,28,4,8,1,4,10,10,3,0,3,0,0,3.0,0.3333333333333333,9,1,11,2
E0,2018-09-29,Wolves,Southampton,2,0,H,0,0,D,S Attwell,14,17,6,6,11,7,8,6,3,1,0,0,1.6666666666666667,1.0,5,3,4,3
E0,2018-09-30,Cardiff,Burnley,1,2,A,0,0,D,M Atkinson,19,3,5,2,11,15,10,2,1,3,0,0,0.3333333333333333,0.3333333333333333,1,1,2,2
E0,2018-10-01,Bournemouth,Crystal Palace,2,1,H,1,0,H,M Dean,11,10,5,2,9,12,3,3,3,4,0,0,2.333333333333333,2.0,7,6,8,4
E0,2018-10-05,Brighton,West Ham,1,0,H,1,0,H,K Friend,9,17,4,4,12,8,2,9,3,2,0,0,1.3333333333333333,1.0,4,3,6,4
E0,2018-10-06,Burnley,Huddersfield,1,1,D,1,0,H,C Kavanagh,6,19,3,2,8,11,1,10,2,2,0,0,1.0,0.3333333333333333,3,1,5,3
E0,2018-10-06,Crystal Palace,Wolves,0,1,A,0,0,D,M Oliver,11,7,4,2,11,13,6,3,3,4,0,0,0.3333333333333333,1.3333333333333333,1,4,0,2
E0,2018-10-06,Leicester,Everton,1,2,A,1,1,D,A Marriner,8,17,2,8,10,11,2,10,2,1,1,0,2.0,0.6666666666666666,6,2,6,4
E0,2018-10-06,Man United,Newcastle,3,2,H,0,2,A,A Taylor,18,13,10,8,16,8,10,6,2,2,0,0,1.3333333333333333,0.6666666666666666,4,2,3,1
E0,2018-10-06,Tottenham,Cardiff,1,0,H,1,0,H,M Dean,19,8,7,6,7,11,6,2,2,1,0,1,1.5,0.3333333333333333,3,1,4,1
E0,2018-10-06,Watford,Bournemouth,0,4,A,0,3,A,J Moss,14,10,2,7,11,9,10,7,3,1,1,0,2.25,1.0,9,3,7,2
E0,2018-10-07,Fulham,Arsenal,1,5,A,1,1,D,P Tierney,21,9,4,7,11,12,4,2,2,0,0,0,1.3333333333333333,2.0,4,6,5,7
E0,2018-10-07,Liverpool,Man City,0,0,D,0,0,D,M Atkinson,7,6,2,2,10,10,2,6,1,3,0,0,3.0,2.333333333333333,9,7,8,8
E0,2018-10-07,Southampton,Chelsea,0,3,A,0,1,A,C Pawson,15,21,6,6,13,11,4,12,6,0,0,0,0.6666666666666666,2.333333333333333,2,7,3,5
E0,2018-10-20,Huddersfield,Liverpool,0,1,A,0,1,A,M Oliver,13,11,1,2,9,6,2,4,0,2,0,0,0.25,2.5,1,10,0,7
E0,2018-10-20,Cardiff,Fulham,4,2,H,2,2,D,K Friend,22,9,5,4,15,16,4,4,3,3,0,0,0.25,0.25,1,1,3,3
E0,2018-10-20,Chelsea,Man United,2,2,D,1,0,H,M Dean,21,7,6,4,9,17,5,3,2,5,0,0,2.5,1.5,10,6,10,7
E0,2018-10-20,Bournemouth,Southampton,0,0,D,0,0,D,L Probert,10,8,2,4,10,14,6,4,1,2,0,0,2.5,0.75,10,3,10,3
E0,2018-10-20,Wolves,Watford,0,2,A,0,2,A,L Mason,10,9,1,3,23,13,8,2,3,1,0,0,2.0,1.3333333333333333,8,4,6,4
E0,2018-10-20,Newcastle,Brighton,0,1,A,0,1,A,A Marriner,27,8,6,2,13,17,10,2,0,2,0,0,0.0,0.25,0,1,3,2
E0,2018-10-20,West Ham,Tottenham,0,1,A,0,1,A,M Atkinson,13,10,4,2,8,10,10,6,3,0,0,0,1.0,2.4,4,12,4,10
E0,2018-10-20,Man City,Burnley,5,0,H,1,0,H,J Moss,24,5,10,0,11,5,10,1,2,2,0,0,3.0,1.0,12,4,13,4
E0,2018-10-21,Everton,Crystal Palace,2,0,H,0,0,D,A Taylor,20,7,4,3,13,17,10,5,2,1,0,0,1.75,1.5,7,6,7,5
E0,2018-10-22,Arsenal,Leicester,3,1,H,1,1,D,C Kavanagh,19,8,6,2,10,10,6,4,2,2,0,0,2.25,1.5,9,6,7,7
E0,2018-10-27,Leicester,West Ham,1,1,D,0,1,A,M Oliver,21,11,7,3,17,5,8,0,1,1,0,1,1.5,0.75,6,3,7,4
E0,2018-10-27,Brighton,Wolves,1,0,H,0,0,D,A Taylor,2,25,1,7,11,8,1,10,3,0,0,0,1.75,1.75,7,7,7,3
E0,2018-10-27,Fulham,Bournemouth,0,3,A,0,1,A,A Marriner,11,12,1,5,16,3,5,5,2,1,1,0,1.0,1.5,4,6,6,6
E0,2018-10-27,Watford,Huddersfield,3,0,H,2,0,H,M Dean,12,13,6,7,9,13,3,3,1,2,0,0,1.8,0.5,9,2,7,4
E0,2018-10-27,Liverpool,Cardiff,4,1,H,1,0,H,S Attwell,19,2,7,1,6,4,8,0,0,0,0,0,2.5,0.25,10,1,8,1
E0,2018-10-27,Southampton,Newcastle,0,0,D,0,0,D,C Kavanagh,22,6,4,0,9,12,7,2,0,1,0,0,0.5,0.5,2,2,3,3
E0,2018-10-28,Burnley,Chelsea,0,4,A,0,1,A,C Pawson,7,24,1,8,14,10,4,4,4,2,0,0,1.0,2.5,4,10,6,8
E0,2018-10-28,Crystal Palace,Arsenal,2,2,D,1,0,H,M Atkinson,16,7,3,2,10,16,6,4,1,2,0,0,0.25,2.25,1,9,0,12
E0,2018-10-28,Man United,Everton,2,1,H,1,0,H,J Moss,14,14,10,6,15,12,8,4,2,1,0,0,1.75,1.25,7,5,6,6
E0,2018-10-29,Tottenham,Man City,0,1,A,0,1,A,K Friend,4,13,1,6,13,13,3,6,2,2,0,0,2.0,2.0,6,8,5,8
E0,2018-11-03,Cardiff,Leicester,0,1,A,0,0,D,L Probert,11,13,2,5,13,12,6,12,2,2,0,0,0.8,1.2,4,6,7,8
E0,2018-11-03,Bournemouth,Man United,1,2,A,1,1,D,P Tierney,18,18,7,8,12,12,9,5,4,3,0,0,2.2,1.4,11,7,10,9
E0,2018-11-03,West Ham,Burnley,4,2,H,1,1,D,R East,22,6,10,3,7,9,10,4,1,4,0,0,0.8,0.8,4,4,4,4
E0,2018-11-03,Arsenal,Liverpool,1,1,D,0,0,D,A Marriner,12,13,4,4,7,7,5,8,1,1,0,0,2.4,2.6,12,13,10,8
E0,2018-11-03,Newcastle,Watford,1,0,H,0,0,D,C Pawson,10,16,2,1,12,11,8,9,1,5,0,0,0.0,1.75,0,7,3,6
E0,2018-11-03,Wolves,Tottenham,2,3,A,0,2,A,M Dean,16,10,7,8,11,8,5,1,1,2,0,0,1.6,2.5,8,15,6,11
E0,2018-11-03,Everton,Brighton,3,1,H,1,1,D,D Coote,14,5,3,3,9,17,6,4,0,1,0,0,2.0,0.8,10,4,9,3
E0,2018-11-04,Chelsea,Crystal Palace,3,1,H,1,0,H,M Oliver,15,7,6,2,6,13,4,2,0,1,0,0,2.2,1.2,11,6,12,5
E0,2018-11-04,Man City,Southampton,6,1,H,4,1,H,L Mason,18,12,8,6,14,9,4,4,1,1,0,0,3.0,0.8,15,4,18,3
E0,2018-11-05,Huddersfield,Fulham,1,0,H,1,0,H,A Taylor,10,7,2,1,11,8,5,4,1,2,0,0,0.2,0.2,1,1,0,5
E0,2018-11-10,Cardiff,Brighton,2,1,H,1,1,D,M Atkinson,20,7,6,3,7,21,4,1,2,1,0,1,0.6666666666666666,0.6666666666666666,4,4,7,4
E0,2018-11-10,Crystal Palace,Tottenham,0,1,A,0,0,D,J Moss,11,11,4,2,12,9,10,6,1,1,0,0,0.4,2.571428571428572,2,18,2,14
E0,2018-11-10,Huddersfield,West Ham,1,1,D,1,0,H,C Kavanagh,15,12,7,5,9,8,5,6,1,1,0,0,0.6666666666666666,0.8,4,4,1,5
E0,2018-11-10,Leicester,Burnley,0,0,D,0,0,D,M Dean,22,6,5,1,13,10,12,1,2,0,0,0,1.4,0.6666666666666666,7,4,8,6
E0,2018-11-10,Newcastle,Bournemouth,2,1,H,2,1,H,L Probert,18,14,6,4,9,11,7,10,2,1,0,0,0.5,1.8,3,9,4,9
E0,2018-11-10,Southampton,Watford,1,1,D,1,0,H,S Hooper,14,12,4,6,13,13,7,6,3,2,0,0,0.6,1.4,3,7,3,6
E0,2018-11-11,Chelsea,Everton,0,0,D,0,0,D,K Friend,15,6,4,1,7,11,5,5,4,3,0,0,2.333333333333333,1.0,14,5,15,7
E0,2018-11-11,Arsenal,Wolves,1,1,D,0,1,A,S Attwell,10,12,3,5,9,16,11,2,2,2,0,0,2.1666666666666665,1.4,13,7,11,3
E0,2018-11-11,Man City,Man United,3,1,H,1,0,H,A Taylor,17,6,5,1,12,12,5,1,1,1,0,0,3.0,1.6666666666666667,18,10,24,11
E0,2018-11-11,Liverpool,Fulham,2,0,H,1,0,H,P Tierney,20,8,7,3,11,9,6,3,1,1,0,0,2.6,0.1666666666666666,13,1,12,5
E0,2018-11-24,Brighton,Leicester,1,1,D,1,0,H,C Kavanagh,14,8,3,3,10,7,6,1,3,1,0,1,2.0,1.5,10,9,8,9
E0,2018-11-24,Everton,Cardiff,1,0,H,0,0,D,P Tierney,16,7,8,1,12,13,7,3,0,3,0,0,2.1666666666666665,0.2,13,1,12,2
E0,2018-11-24,Fulham,Southampton,3,2,H,2,1,H,M Oliver,10,19,5,8,10,6,2,5,2,3,0,0,0.8,0.6666666666666666,4,4,6,4
E0,2018-11-24,Man United,Crystal Palace,0,0,D,0,0,D,L Mason,12,13,5,2,13,12,10,3,1,2,0,0,2.0,1.0,10,6,8,6
E0,2018-11-24,Tottenham,Chelsea,3,1,H,2,0,H,M Atkinson,18,13,9,2,19,12,4,4,0,3,0,0,1.5,2.6,6,13,5,12
E0,2018-11-24,Watford,Liverpool,0,3,A,0,0,D,J Moss,5,10,1,7,12,13,5,5,0,0,0,1,2.0,2.333333333333333,12,14,10,9
E0,2018-11-24,West Ham,Man City,0,4,A,0,3,A,A Marriner,9,9,1,6,6,3,8,1,0,0,0,0,1.1666666666666667,2.2,7,11,8,9
E0,2018-11-25,Bournemouth,Arsenal,1,2,A,1,1,D,C Pawson,11,20,5,4,6,9,5,8,2,1,0,0,1.8333333333333333,2.0,11,10,11,14
E0,2018-11-25,Wolves,Huddersfield,0,2,A,0,1,A,K Friend,12,14,3,6,9,8,3,5,1,2,0,0,1.3333333333333333,0.4,8,2,8,4
E0,2018-11-26,Burnley,Newcastle,1,2,A,1,2,A,A Taylor,14,17,4,3,6,11,5,5,0,1,0,0,0.8,0.6,4,3,6,3
E0,2018-11-30,Cardiff,Wolves,2,1,H,0,1,A,A Marriner,17,15,3,4,3,12,7,6,1,2,0,0,1.0,1.3333333333333333,7,8,9,4
E0,2018-12-01,Crystal Palace,Burnley,2,0,H,1,0,H,L Probert,29,4,9,0,9,10,10,2,1,1,0,0,0.3333333333333333,0.7142857142857143,2,5,2,6
E0,2018-12-01,Huddersfield,Brighton,1,2,A,1,1,D,M Oliver,7,14,2,6,10,12,2,6,0,2,1,0,0.7142857142857143,0.5714285714285714,5,4,2,5
E0,2018-12-01,Leicester,Watford,2,0,H,2,0,H,G Scott,7,8,3,0,7,6,4,8,2,1,0,1,1.3333333333333333,1.3333333333333333,8,8,8,7
E0,2018-12-01,Man City,Bournemouth,3,1,H,1,1,D,S Attwell,16,4,6,1,9,3,8,4,0,0,0,0,3.0,1.5,21,9,27,10
E0,2018-12-01,Newcastle,West Ham,0,3,A,0,1,A,P Tierney,16,7,4,4,10,10,7,3,3,3,0,0,0.8571428571428571,0.8333333333333334,6,5,6,6
E0,2018-12-01,Southampton,Man United,2,2,D,2,2,D,K Friend,16,11,6,5,12,13,3,5,4,4,0,0,0.6666666666666666,1.4285714285714286,4,10,4,12
E0,2018-12-02,Arsenal,Tottenham,4,2,H,1,2,A,M Dean,22,11,7,6,15,17,8,5,3,3,0,1,2.0,2.625,14,21,12,15
E0,2018-12-02,Chelsea,Fulham,2,0,H,1,0,H,C Pawson,16,9,9,4,8,17,4,6,2,1,0,0,2.142857142857143,0.1428571428571428,15,1,15,5
E0,2018-12-02,Liverpool,Everton,1,0,H,0,0,D,C Kavanagh,16,9,3,3,12,7,8,1,3,2,0,0,2.6666666666666665,1.0,16,6,14,7
E0,2018-12-04,Bournemouth,Huddersfield,2,1,H,2,1,H,R East,6,23,2,6,14,11,4,8,4,2,0,0,1.5714285714285714,0.8333333333333334,11,5,12,6
E0,2018-12-04,Brighton,Crystal Palace,3,1,H,3,0,H,K Friend,9,18,3,5,14,12,4,5,2,3,1,0,1.8333333333333333,1.0,11,7,9,6
E0,2018-12-04,Watford,Man City,1,2,A,0,1,A,P Tierney,11,15,7,7,4,8,3,11,0,1,0,0,1.7142857142857142,2.333333333333333,12,14,10,13
E0,2018-12-04,West Ham,Cardiff,3,1,H,0,0,D,G Scott,17,9,11,5,10,10,10,4,1,2,0,0,1.0,0.1666666666666666,7,1,8,2
E0,2018-12-05,Burnley,Liverpool,1,3,A,0,0,D,S Attwell,10,18,6,12,10,3,5,9,1,0,0,0,0.6666666666666666,2.4285714285714284,4,17,7,12
E0,2018-12-05,Everton,Newcastle,1,1,D,1,1,D,L Mason,19,8,3,5,7,18,14,2,0,5,0,0,2.2857142857142856,1.0,16,6,13,5
E0,2018-12-05,Fulham,Leicester,1,1,D,1,0,H,D Coote,25,13,7,5,12,7,10,8,0,0,0,0,1.1666666666666667,1.4285714285714286,7,10,9,10
E0,2018-12-05,Man United,Arsenal,2,2,D,1,1,D,A Marriner,10,9,7,4,13,10,4,4,3,3,0,0,1.8333333333333333,2.1666666666666665,11,13,8,16
E0,2018-12-05,Tottenham,Southampton,3,1,H,1,0,H,A Taylor,13,18,8,5,7,5,8,6,0,0,0,0,1.8,0.5714285714285714,9,4,8,6
E0,2018-12-05,Wolves,Chelsea,2,1,H,0,1,A,J Moss,6,17,2,3,18,10,1,5,4,4,0,0,1.1428571428571428,2.1666666666666665,8,13,8,13
E0,2018-12-08,Cardiff,Southampton,1,0,H,0,0,D,J Moss,13,12,4,1,9,10,7,7,2,2,0,0,1.25,0.5,10,4,11,7
E0,2018-12-08,Arsenal,Huddersfield,1,0,H,0,0,D,P Tierney,14,6,2,0,13,20,7,1,5,4,0,0,2.125,0.7142857142857143,17,5,16,7
E0,2018-12-08,Burnley,Brighton,1,0,H,1,0,H,M Atkinson,14,14,4,1,11,11,2,7,2,0,0,0,0.5714285714285714,0.875,4,7,8,7
E0,2018-12-08,Bournemouth,Liverpool,0,4,A,0,1,A,L Mason,8,10,2,4,9,11,6,6,2,1,0,0,1.75,2.5,14,20,14,15
E0,2018-12-08,Man United,Fulham,4,1,H,3,0,H,L Probert,20,10,11,4,11,15,10,3,1,1,0,1,1.7142857142857142,0.125,12,1,10,5
E0,2018-12-08,Leicester,Tottenham,0,2,A,0,1,A,C Pawson,11,7,3,2,12,7,6,5,3,1,0,0,1.5714285714285714,2.333333333333333,11,21,10,17
E0,2018-12-08,West Ham,Crystal Palace,3,2,H,0,1,A,A Taylor,13,8,6,4,10,8,5,3,1,2,0,0,1.25,0.875,10,7,11,7
E0,2018-12-08,Chelsea,Man City,2,0,H,1,0,H,M Oliver,8,14,5,4,12,11,1,13,2,0,0,0,2.25,2.4285714285714284,18,17,17,15
E0,2018-12-09,Newcastle,Wolves,1,2,A,1,1,D,M Dean,12,13,4,6,10,17,4,6,2,5,1,0,0.75,1.1428571428571428,6,8,6,5
E0,2018-12-10,Everton,Watford,2,2,D,1,0,H,K Friend,12,15,5,3,13,13,6,6,1,1,0,0,2.125,1.1428571428571428,17,8,14,7
E0,2018-12-15,Fulham,West Ham,0,2,A,0,2,A,M Dean,16,6,4,3,14,10,6,4,2,1,0,0,1.1428571428571428,1.1428571428571428,8,8,10,9
E0,2018-12-15,Man City,Everton,3,1,H,1,0,H,C Pawson,13,9,5,2,7,9,6,2,1,2,0,0,3.0,0.8571428571428571,24,6,30,7
E0,2018-12-15,Huddersfield,Newcastle,0,1,A,0,0,D,A Taylor,15,8,5,5,5,13,10,1,1,1,0,0,0.625,1.0,5,7,3,6
E0,2018-12-15,Watford,Cardiff,3,2,H,1,0,H,A Madley,17,10,8,3,7,5,5,0,0,0,0,0,1.5,0.1428571428571428,12,1,11,3
E0,2018-12-15,Tottenham,Burnley,1,0,H,0,0,D,G Scott,15,4,3,0,7,8,8,3,0,2,0,0,2.0,0.625,12,5,11,6
E0,2018-12-15,Wolves,Bournemouth,2,0,H,1,0,H,S Hooper,9,13,3,3,15,7,5,3,1,2,0,0,1.375,1.2857142857142858,11,9,10,11
E0,2018-12-15,Crystal Palace,Leicester,1,0,H,1,0,H,M Oliver,8,12,1,2,10,8,4,4,2,1,0,0,0.7142857142857143,1.375,5,11,4,11
E0,2018-12-16,Brighton,Chelsea,1,2,A,0,2,A,S Attwell,6,10,2,3,14,6,4,1,2,2,0,0,2.0,1.8571428571428568,14,13,12,14
E0,2018-12-16,Liverpool,Man United,3,1,H,1,1,D,M Atkinson,36,6,11,2,6,14,13,2,0,2,0,0,2.7142857142857144,1.375,19,11,15,14
E0,2018-12-16,Southampton,Arsenal,3,2,H,2,1,H,C Kavanagh,12,13,7,4,12,10,4,5,3,1,0,0,0.7142857142857143,2.0,5,14,6,18
E0,2018-12-21,Wolves,Liverpool,0,2,A,0,1,A,C Pawson,11,15,5,6,7,3,1,10,0,0,0,0,1.5555555555555556,2.555555555555556,14,23,12,19
E0,2018-12-22,Chelsea,Leicester,0,1,A,0,0,D,L Probert,17,8,5,3,10,9,9,5,0,2,0,0,2.333333333333333,1.2222222222222223,21,11,19,11
E0,2018-12-22,Arsenal,Burnley,3,1,H,1,0,H,K Friend,10,7,6,2,10,14,1,3,2,5,0,0,2.2222222222222223,0.5555555555555556,20,5,17,6
E0,2018-12-22,Cardiff,Man United,1,5,A,1,3,A,M Oliver,9,17,3,9,13,13,4,7,2,1,0,0,1.4444444444444444,1.2222222222222223,13,11,12,15
E0,2018-12-22,Bournemouth,Brighton,2,0,H,1,0,H,M Dean,14,10,3,5,8,18,6,5,2,0,0,1,1.5555555555555556,0.7777777777777778,14,7,14,7
E0,2018-12-22,Newcastle,Fulham,0,0,D,0,0,D,M Atkinson,9,4,0,2,9,12,6,0,1,2,0,0,0.6666666666666666,0.1111111111111111,6,1,7,6
E0,2018-12-22,Man City,Crystal Palace,2,3,A,1,2,A,A Marriner,19,5,5,3,7,6,13,0,0,4,0,0,3.0,0.7777777777777778,27,7,33,9
E0,2018-12-22,West Ham,Watford,0,2,A,0,1,A,L Mason,18,11,7,5,9,11,10,4,3,2,0,0,1.4444444444444444,1.125,13,9,14,9
E0,2018-12-22,Huddersfield,Southampton,1,3,A,0,2,A,S Attwell,16,13,5,6,12,9,8,2,2,3,0,0,0.5555555555555556,0.4444444444444444,5,4,3,7
E0,2018-12-23,Everton,Tottenham,2,6,A,1,3,A,P Tierney,10,17,3,8,13,9,2,1,0,2,0,0,2.0,2.4,18,24,16,19
E0,2018-12-26,Burnley,Everton,1,5,A,1,3,A,M Oliver,11,13,4,6,11,19,5,7,2,4,0,0,0.875,0.75,7,6,9,8
E0,2018-12-26,Crystal Palace,Cardiff,0,0,D,0,0,D,L Probert,31,9,5,4,9,11,12,1,0,3,0,0,1.0,0.125,8,1,5,5
E0,2018-12-26,Brighton,Arsenal,1,1,D,1,1,D,A Taylor,12,7,3,4,10,4,4,9,2,1,0,0,1.75,1.75,14,14,13,20
E0,2018-12-26,Fulham,Wolves,1,1,D,0,0,D,A Marriner,11,14,9,5,9,6,2,0,2,1,0,0,1.0,1.375,8,11,10,7
E0,2018-12-26,Leicester,Man City,2,1,H,1,1,D,M Dean,10,11,5,4,5,8,3,7,2,2,0,1,1.375,2.125,11,17,10,15
E0,2018-12-26,Liverpool,Newcastle,4,0,H,1,0,H,G Scott,16,6,8,2,7,9,10,2,0,0,0,0,2.75,1.25,22,10,18,7
E0,2018-12-26,Watford,Chelsea,1,2,A,1,1,D,M Atkinson,10,10,2,4,15,5,3,4,1,0,0,0,1.6666666666666667,2.0,15,16,14,16
E0,2018-12-26,Man United,Huddersfield,3,1,H,1,0,H,J Moss,16,10,10,2,9,13,5,3,1,1,0,0,1.875,0.625,15,5,14,7
E0,2018-12-26,Tottenham,Bournemouth,5,0,H,3,0,H,C Kavanagh,10,14,7,4,4,8,3,4,2,1,0,0,2.142857142857143,1.125,15,9,12,11
E0,2018-12-27,Southampton,West Ham,1,2,A,0,0,D,C Pawson,11,16,5,5,10,3,4,5,2,0,0,0,1.0,1.375,8,11,9,11
E0,2018-12-29,Leicester,Cardiff,0,1,A,0,0,D,S Hooper,16,12,7,3,14,16,10,4,0,2,0,0,1.5555555555555556,0.2222222222222222,14,2,12,5
E0,2018-12-29,Fulham,Huddersfield,1,0,H,0,0,D,K Friend,14,9,5,5,12,10,4,3,3,1,0,0,1.0,0.5555555555555556,9,5,11,8
E0,2018-12-29,Brighton,Everton,1,0,H,0,0,D,A Madley,11,13,3,4,10,11,6,6,0,2,0,0,1.6666666666666667,1.0,15,9,14,13
E0,2018-12-29,Liverpool,Arsenal,5,1,H,4,1,H,M Oliver,15,8,10,2,8,13,5,3,1,2,0,0,2.7777777777777777,1.6666666666666667,25,15,22,21
E0,2018-12-29,Watford,Newcastle,1,1,D,0,1,A,R East,12,8,5,2,17,16,3,6,1,2,0,0,1.5,1.1111111111111112,15,10,15,7
E0,2018-12-29,Tottenham,Wolves,1,3,A,1,0,H,S Attwell,10,11,3,4,7,7,6,7,3,2,0,0,2.25,1.3333333333333333,18,12,17,8
E0,2018-12-30,Burnley,West Ham,2,0,H,2,0,H,D Coote,17,11,5,4,15,11,5,5,1,4,0,0,0.7777777777777778,1.5555555555555556,7,14,10,13
E0,2018-12-30,Crystal Palace,Chelsea,0,1,A,0,0,D,C Pawson,4,12,0,4,11,8,3,4,0,1,0,0,1.0,2.111111111111111,9,19,5,18
E0,2018-12-30,Man United,Bournemouth,4,1,H,3,1,H,L Mason,11,7,8,3,10,7,4,5,2,0,1,0,2.0,1.0,18,9,17,11
E0,2018-12-30,Southampton,Man City,1,3,A,1,3,A,P Tierney,5,14,4,6,11,10,3,8,2,3,1,0,0.8888888888888888,1.8888888888888888,8,17,10,16
E0,2019-01-01,Arsenal,Fulham,4,1,H,1,0,H,G Scott,16,9,9,4,7,12,8,3,0,1,0,0,2.3,0.2,23,2,20,6
E0,2019-01-01,Cardiff,Tottenham,0,3,A,0,3,A,K Friend,6,13,3,4,6,6,5,3,1,0,0,0,1.3,2.4545454545454546,13,27,13,25
E0,2019-01-01,Everton,Leicester,0,1,A,0,0,D,M Atkinson,17,8,2,4,5,8,6,5,3,1,0,0,1.8,1.4,18,14,18,12
E0,2019-01-02,Huddersfield,Burnley,1,2,A,1,1,D,M Dean,9,16,2,8,11,9,5,2,0,4,1,1,0.5,0.5,5,5,4,7
E0,2019-01-02,Bournemouth,Watford,3,3,D,3,3,D,D Coote,25,11,12,3,9,15,4,2,1,4,0,0,1.7,1.3333333333333333,17,12,16,11
E0,2019-01-02,Chelsea,Southampton,0,0,D,0,0,D,J Moss,17,6,6,2,8,11,7,2,1,2,0,0,2.1,0.7,21,7,19,10
E0,2019-01-02,West Ham,Brighton,2,2,D,0,0,D,C Kavanagh,13,13,6,6,9,11,1,5,0,1,0,0,1.3,0.7,13,7,14,7
E0,2019-01-02,Wolves,Crystal Palace,0,2,A,0,0,D,R East,9,17,1,4,9,7,3,10,4,1,0,0,1.4,1.0,14,10,12,12
E0,2019-01-02,Newcastle,Man United,0,2,A,0,0,D,A Marriner,14,16,3,7,10,9,1,2,1,2,0,0,0.7,1.4,7,14,7,20
E0,2019-01-03,Man City,Liverpool,2,1,H,1,0,H,A Taylor,9,7,4,5,12,7,2,1,4,2,0,0,2.7,2.6,27,26,35,21
E0,2019-01-12,Cardiff,Huddersfield,0,0,D,0,0,D,L Mason,3,14,0,2,12,14,3,10,3,1,0,0,1.181818181818182,0.5,13,5,13,8
E0,2019-01-12,Brighton,Liverpool,0,1,A,0,0,D,K Friend,7,10,0,3,15,5,2,7,0,0,0,0,1.8,2.363636363636364,18,26,15,22
E0,2019-01-12,Crystal Palace,Watford,1,2,A,1,0,H,P Tierney,15,16,6,2,11,11,7,7,1,4,0,0,0.9,1.3,9,13,5,14
E0,2019-01-12,Burnley,Fulham,2,1,H,2,1,H,M Atkinson,11,12,0,4,5,9,2,6,1,2,0,0,1.0,0.1818181818181818,10,2,12,7
E0,2019-01-12,Leicester,Southampton,1,2,A,0,2,A,M Oliver,23,8,6,3,7,9,10,3,2,1,0,1,1.4,0.7272727272727273,14,8,12,10
E0,2019-01-12,West Ham,Arsenal,1,0,H,0,0,D,J Moss,11,11,3,2,7,10,7,3,0,2,0,0,1.2727272727272727,1.5,14,15,16,22
E0,2019-01-12,Chelsea,Newcastle,2,1,H,1,1,D,C Kavanagh,10,9,6,2,6,13,8,5,1,1,0,0,2.0,1.1,22,11,19,8
E0,2019-01-13,Everton,Bournemouth,2,0,H,0,0,D,A Taylor,15,16,3,7,17,8,5,9,5,0,0,0,1.6363636363636365,0.9,18,9,18,12
E0,2019-01-13,Tottenham,Man United,0,1,A,0,1,A,M Dean,21,13,11,8,8,8,7,4,1,2,0,0,2.0,1.5454545454545454,18,17,18,22
E0,2019-01-14,Man City,Wolves,3,0,H,2,0,H,C Pawson,24,3,9,0,6,3,12,1,1,0,0,1,2.727272727272727,1.5,30,15,37,11
E0,2019-01-19,Bournemouth,West Ham,2,0,H,0,0,D,S Hooper,10,9,4,1,6,10,2,3,0,1,0,0,1.6363636363636365,1.4,18,14,19,13
E0,2019-01-19,Arsenal,Chelsea,2,0,H,2,0,H,A Taylor,13,13,5,1,13,15,5,6,0,2,0,0,2.363636363636364,2.2,26,22,24,19
E0,2019-01-19,Watford,Burnley,0,0,D,0,0,D,M Oliver,9,11,4,3,14,9,1,7,1,2,0,0,1.4545454545454546,0.7272727272727273,16,8,16,9
E0,2019-01-19,Liverpool,Crystal Palace,4,3,H,0,1,A,J Moss,19,9,9,3,6,8,8,3,0,1,1,0,2.8,1.181818181818182,28,13,27,14
E0,2019-01-19,Southampton,Everton,2,1,H,0,0,D,G Scott,11,7,4,2,12,11,7,6,2,1,0,0,0.8,0.9,8,9,11,13
E0,2019-01-19,Newcastle,Cardiff,3,0,H,1,0,H,S Attwell,16,9,6,1,11,6,7,10,0,1,0,0,0.6363636363636364,0.5,7,5,7,6
E0,2019-01-19,Man United,Brighton,2,1,H,2,0,H,P Tierney,20,7,5,3,11,11,6,5,1,0,0,0,2.1,0.7272727272727273,21,8,21,9
E0,2019-01-19,Wolves,Leicester,4,3,H,2,0,H,C Kavanagh,12,16,7,6,11,10,5,9,3,3,0,0,1.2727272727272727,1.5454545454545454,14,17,12,13
E0,2019-01-20,Fulham,Tottenham,1,2,A,1,0,H,C Pawson,12,14,4,5,10,8,7,10,2,3,0,0,1.2,2.5,12,30,12,28
E0,2019-01-20,Huddersfield,Man City,0,3,A,0,1,A,A Marriner,5,12,2,4,10,9,1,4,2,2,0,0,0.4545454545454545,2.0,5,20,5,19
E0,2019-01-29,Arsenal,Cardiff,2,1,H,0,0,D,M Dean,15,19,4,2,14,12,4,7,3,3,0,0,2.4166666666666665,0.4545454545454545,29,5,26,6
E0,2019-01-29,Fulham,Brighton,4,2,H,0,2,A,L Probert,24,15,7,6,10,5,10,1,2,3,0,0,1.0909090909090908,0.6666666666666666,12,8,13,10
E0,2019-01-29,Huddersfield,Everton,0,1,A,0,1,A,S Attwell,10,10,2,5,13,10,3,4,1,4,0,1,0.4166666666666667,0.8181818181818182,5,9,5,14
E0,2019-01-29,Man United,Burnley,2,2,D,0,0,D,J Moss,28,6,9,4,10,9,11,3,1,3,0,0,2.1818181818181817,0.75,24,9,23,9
E0,2019-01-29,Newcastle,Man City,2,1,H,0,1,A,P Tierney,6,12,2,4,9,7,1,8,2,3,0,0,0.8333333333333334,2.090909090909091,10,23,10,22
E0,2019-01-29,Wolves,West Ham,3,0,H,0,0,D,D Coote,20,4,9,0,8,10,5,1,4,1,0,0,1.4166666666666667,1.2727272727272727,17,14,16,13
E0,2019-01-30,Southampton,Crystal Palace,1,1,D,0,1,A,A Marriner,13,15,4,3,11,8,3,8,2,2,0,1,1.0,1.0833333333333333,11,13,13,17
E0,2019-01-30,Tottenham,Watford,2,1,H,0,1,A,G Scott,17,9,3,1,6,9,9,5,0,4,0,0,1.8,1.4545454545454546,18,16,18,16
E0,2019-01-30,Bournemouth,Chelsea,4,0,H,0,0,D,R East,12,11,7,7,8,6,3,7,1,0,0,0,1.75,2.0,21,22,21,19
E0,2019-01-30,Liverpool,Leicester,1,1,D,1,1,D,M Atkinson,10,5,3,2,13,6,7,1,1,3,0,0,2.8181818181818183,1.4166666666666667,31,17,31,16
E0,2019-02-02,Chelsea,Huddersfield,5,0,H,2,0,H,P Tierney,23,5,7,2,8,5,11,2,0,0,0,0,2.083333333333333,0.5454545454545454,25,6,21,8
E0,2019-02-02,Brighton,Watford,0,0,D,0,0,D,S Hooper,21,5,4,0,15,10,7,0,1,0,0,0,1.6363636363636365,1.3333333333333333,18,16,15,17
E0,2019-02-02,Cardiff,Bournemouth,2,0,H,1,0,H,J Moss,12,9,5,2,17,14,6,7,1,2,0,0,1.1666666666666667,0.8181818181818182,14,9,13,12
E0,2019-02-02,Everton,Wolves,1,3,A,1,2,A,L Mason,13,8,4,4,12,14,3,1,3,1,0,0,1.75,1.3636363636363635,21,15,20,11
E0,2019-02-02,Crystal Palace,Fulham,2,0,H,1,0,H,M Oliver,17,8,6,0,9,12,11,1,2,3,0,0,0.8181818181818182,0.1666666666666666,9,2,6,8
E0,2019-02-02,Tottenham,Newcastle,1,0,H,0,0,D,A Marriner,21,8,4,2,6,6,6,3,0,1,0,0,1.9090909090909087,1.0,21,11,20,9
E0,2019-02-02,Burnley,Southampton,1,1,D,0,0,D,A Taylor,15,10,6,4,10,9,4,2,3,1,0,0,1.181818181818182,0.9166666666666666,13,11,14,12
E0,2019-02-03,Leicester,Man United,0,1,A,0,1,A,M Dean,17,10,6,6,14,9,7,2,4,4,0,0,1.2727272727272727,1.6666666666666667,14,20,13,23
E0,2019-02-03,Man City,Arsenal,3,1,H,2,1,H,M Atkinson,19,4,12,2,11,8,4,2,1,1,0,0,2.75,1.3636363636363635,33,15,40,22
E0,2019-02-04,West Ham,Liverpool,1,1,D,1,1,D,K Friend,13,11,2,6,9,11,2,5,1,1,0,0,1.4166666666666667,2.4166666666666665,17,29,17,23
E0,2019-02-06,Everton,Man City,0,2,A,0,1,A,C Pawson,4,15,1,4,12,6,5,6,1,1,0,0,1.6153846153846154,1.9166666666666667,21,23,21,23
E0,2019-02-09,Crystal Palace,West Ham,1,1,D,0,1,A,C Pawson,25,6,5,4,12,9,10,4,3,0,0,0,1.0,1.1666666666666667,12,14,8,13
E0,2019-02-09,Huddersfield,Arsenal,1,2,A,0,2,A,J Moss,15,9,6,4,17,12,5,0,3,2,0,0,0.3846153846153846,1.25,5,15,5,23
E0,2019-02-09,Fulham,Man United,0,3,A,0,2,A,P Tierney,15,15,3,7,14,9,5,4,3,2,0,0,1.25,1.7692307692307692,15,23,17,24
E0,2019-02-09,Southampton,Cardiff,1,2,A,0,0,D,M Atkinson,14,6,7,3,15,12,8,2,3,3,0,0,1.0,0.4166666666666667,12,5,14,7
E0,2019-02-09,Liverpool,Bournemouth,3,0,H,2,0,H,A Taylor,20,12,9,2,14,6,8,5,2,2,0,0,2.6666666666666665,0.75,32,9,32,12
E0,2019-02-09,Watford,Everton,1,0,H,0,0,D,L Probert,7,9,2,4,21,10,8,2,2,0,0,1,1.4166666666666667,1.0,17,12,16,15
E0,2019-02-09,Brighton,Burnley,1,3,A,0,1,A,S Attwell,16,9,6,5,8,7,9,3,1,1,0,0,1.5833333333333333,0.7692307692307693,19,10,15,11
E0,2019-02-10,Man City,Chelsea,6,0,H,4,0,H,M Dean,15,12,9,4,9,13,2,2,1,2,0,0,2.769230769230769,1.8333333333333333,36,22,43,19
E0,2019-02-10,Tottenham,Leicester,3,1,H,1,0,H,M Oliver,12,20,5,9,11,4,2,9,3,1,0,0,2.0,1.3846153846153846,24,18,21,17
E0,2019-02-11,Wolves,Newcastle,1,1,D,0,0,D,G Scott,22,9,6,3,7,9,13,1,1,3,0,0,1.5384615384615383,0.9166666666666666,20,11,19,9
E0,2019-02-22,Cardiff,Watford,1,5,A,0,1,A,S Hooper,15,12,6,7,10,11,3,3,1,2,0,0,1.3076923076923077,1.3076923076923077,17,17,15,17
E0,2019-02-22,West Ham,Fulham,3,1,H,2,1,H,L Mason,21,8,7,5,11,11,12,0,1,1,0,0,1.3846153846153846,0.1538461538461538,18,2,18,8
E0,2019-02-23,Burnley,Tottenham,2,1,H,0,0,D,M Dean,10,17,4,6,9,12,7,6,1,3,0,0,1.1666666666666667,2.5384615384615383,14,33,15,30
E0,2019-02-23,Bournemouth,Wolves,1,1,D,1,0,H,R East,10,10,3,2,10,15,9,8,4,5,0,0,1.8461538461538465,1.5,24,18,25,14
E0,2019-02-23,Newcastle,Huddersfield,2,0,H,0,0,D,K Friend,29,3,12,1,11,7,12,0,2,0,0,1,1.0,0.5,13,6,12,8
E0,2019-02-23,Leicester,Crystal Palace,1,4,A,0,1,A,A Taylor,27,7,5,5,7,14,8,3,2,1,0,0,1.1666666666666667,1.0769230769230769,14,14,13,18
E0,2019-02-24,Arsenal,Southampton,2,0,H,2,0,H,G Scott,12,10,4,4,7,14,6,4,0,0,0,0,2.4615384615384617,0.9230769230769232,32,12,28,13
E0,2019-02-24,Man United,Liverpool,0,0,D,0,0,D,M Oliver,6,7,3,1,15,17,3,7,1,3,0,0,2.083333333333333,2.3076923076923075,25,30,25,24
E0,2019-02-26,Huddersfield,Wolves,1,0,H,0,0,D,D Coote,15,7,3,0,10,10,3,5,2,2,0,0,0.3571428571428571,1.4615384615384617,5,19,6,15
E0,2019-02-26,Leicester,Brighton,2,1,H,1,0,H,L Probert,19,15,3,3,6,4,4,8,1,1,0,0,1.0769230769230769,0.6153846153846154,14,8,14,12
E0,2019-02-26,Cardiff,Everton,0,3,A,0,1,A,K Friend,6,12,0,4,12,12,3,4,3,1,0,0,1.2142857142857142,0.9230769230769232,17,12,16,15
E0,2019-02-26,Newcastle,Burnley,2,0,H,2,0,H,C Pawson,12,12,3,2,8,8,4,7,1,3,0,0,1.1428571428571428,0.9285714285714286,16,13,14,14
E0,2019-02-27,Arsenal,Bournemouth,5,1,H,2,1,H,C Kavanagh,16,13,6,5,11,9,9,4,2,2,0,0,2.5,0.6923076923076923,35,9,30,12
E0,2019-02-27,Chelsea,Tottenham,2,0,H,0,0,D,A Marriner,11,9,1,0,7,14,2,2,1,1,0,0,2.1538461538461537,2.357142857142857,28,33,26,31
E0,2019-02-27,Crystal Palace,Man United,1,3,A,0,1,A,M Atkinson,17,13,2,4,8,9,5,6,2,3,0,0,1.0,1.8571428571428568,13,26,9,27
E0,2019-02-27,Liverpool,Watford,5,0,H,2,0,H,G Scott,19,5,10,3,5,7,6,4,0,2,0,0,2.6923076923076925,1.4285714285714286,35,20,35,22
E0,2019-02-27,Man City,West Ham,1,0,H,0,0,D,S Attwell,20,2,7,1,2,6,12,2,0,2,0,0,2.7857142857142856,1.1538461538461535,39,15,49,14
E0,2019-02-27,Southampton,Fulham,2,0,H,2,0,H,A Taylor,14,14,4,4,15,13,7,4,0,1,0,0,0.9230769230769232,0.1428571428571428,12,2,15,9
E0,2019-03-02,Bournemouth,Man City,0,1,A,0,0,D,K Friend,0,23,0,7,7,7,0,14,1,2,0,0,1.7857142857142858,2.0,25,26,26,25
E0,2019-03-02,Brighton,Huddersfield,1,0,H,0,0,D,M Dean,13,6,4,4,11,6,6,3,2,2,0,0,1.4615384615384617,0.4615384615384615,19,6,16,8
E0,2019-03-02,Burnley,Crystal Palace,1,3,A,0,1,A,L Probert,18,10,4,4,9,9,8,5,1,2,0,0,1.3076923076923077,1.2142857142857142,17,17,17,22
E0,2019-03-02,Man United,Southampton,3,2,H,0,1,A,S Attwell,16,6,6,3,7,10,9,7,2,1,0,0,2.0,0.8571428571428571,26,12,25,13
E0,2019-03-02,Tottenham,Arsenal,1,1,D,0,1,A,A Taylor,10,9,3,4,15,14,3,4,3,2,0,1,2.076923076923077,1.3846153846153846,27,18,24,25
E0,2019-03-02,West Ham,Newcastle,2,0,H,2,0,H,C Kavanagh,10,17,4,2,8,14,1,6,3,4,0,0,1.5,0.9230769230769232,21,12,21,10
E0,2019-03-02,Wolves,Cardiff,2,0,H,2,0,H,A Marriner,13,12,6,4,11,6,7,8,1,2,0,0,1.5,0.6153846153846154,21,8,20,9
E0,2019-03-03,Fulham,Chelsea,1,2,A,1,2,A,G Scott,12,20,5,7,11,10,5,4,2,1,0,0,1.1538461538461535,1.6923076923076923,15,22,17,19
E0,2019-03-03,Watford,Leicester,2,1,H,1,0,H,J Moss,6,14,5,2,15,12,1,5,5,1,0,0,1.5384615384615383,1.2857142857142858,20,18,17,18
E0,2019-03-03,Everton,Liverpool,0,0,D,0,0,D,M Atkinson,7,10,3,3,12,10,3,7,1,2,0,0,1.5,2.2142857142857144,21,31,21,24
E0,2019-03-09,Newcastle,Everton,3,2,H,0,2,A,L Mason,19,7,7,3,13,10,8,2,3,1,0,0,1.2666666666666666,1.0714285714285714,19,15,16,18
E0,2019-03-09,Southampton,Tottenham,2,1,H,0,1,A,K Friend,12,16,4,5,16,9,1,10,4,2,0,0,1.0714285714285714,2.2,15,33,17,31
E0,2019-03-09,Cardiff,West Ham,2,0,H,1,0,H,G Scott,16,9,7,2,7,12,7,5,2,1,0,0,1.1333333333333333,1.0714285714285714,17,15,16,14
E0,2019-03-09,Crystal Palace,Brighton,1,2,A,0,1,A,C Pawson,15,4,3,3,8,18,8,0,1,5,0,0,0.9285714285714286,0.5714285714285714,13,8,10,13
E0,2019-03-09,Huddersfield,Bournemouth,0,2,A,0,1,A,A Taylor,8,8,1,5,14,9,6,5,3,1,0,0,0.5333333333333333,0.6428571428571429,8,9,7,13
E0,2019-03-09,Leicester,Fulham,3,1,H,1,0,H,D Coote,18,6,8,3,9,13,6,5,0,2,0,0,1.2142857142857142,0.1333333333333333,17,2,16,9
E0,2019-03-09,Man City,Watford,3,1,H,0,0,D,P Tierney,19,2,9,1,11,7,9,1,1,1,0,0,2.8,1.3333333333333333,42,20,50,22
E0,2019-03-10,Liverpool,Burnley,4,2,H,2,1,H,A Marriner,23,3,5,2,4,7,7,3,2,0,0,0,2.7142857142857144,0.8666666666666667,38,13,40,14
E0,2019-03-10,Arsenal,Man United,2,0,H,1,0,H,J Moss,14,14,3,4,12,18,5,2,2,2,0,0,2.533333333333333,1.9333333333333331,38,29,35,30
E0,2019-03-10,Chelsea,Wolves,1,1,D,0,0,D,M Oliver,22,2,6,1,8,14,13,0,1,4,0,0,2.2142857142857144,1.3571428571428572,31,19,28,15
E0,2019-03-16,Bournemouth,Newcastle,2,2,D,0,1,A,M Dean,10,12,3,4,9,12,6,6,3,2,0,0,1.6666666666666667,0.8571428571428571,25,12,26,10
E0,2019-03-16,Burnley,Leicester,1,2,A,1,1,D,M Oliver,13,9,2,4,9,10,9,3,1,1,0,1,1.2142857142857142,1.2,17,18,18,19
E0,2019-03-16,West Ham,Huddersfield,4,3,H,1,2,A,J Moss,16,15,5,5,7,15,5,8,0,2,0,0,1.6,0.4285714285714285,24,6,23,8
E0,2019-03-17,Everton,Chelsea,2,0,H,0,0,D,A Taylor,15,16,8,5,17,9,3,4,1,2,0,0,1.4666666666666666,1.7857142857142858,22,25,21,21
E0,2019-03-17,Fulham,Liverpool,1,2,A,0,1,A,C Pawson,7,16,2,6,11,7,1,10,2,1,0,0,1.0714285714285714,2.1333333333333333,15,32,18,24
E0,2019-03-30,Brighton,Southampton,0,1,A,0,0,D,M Oliver,14,8,1,2,8,10,6,5,1,2,0,0,1.5714285714285714,0.8,22,12,17,15
E0,2019-03-30,Crystal Palace,Huddersfield,2,0,H,0,0,D,L Probert,19,15,5,5,10,7,5,5,0,0,0,0,0.8666666666666667,0.4,13,6,11,11
E0,2019-03-30,Leicester,Bournemouth,2,0,H,1,0,H,L Mason,18,8,4,2,6,12,6,1,0,2,0,0,1.3333333333333333,0.8,20,12,19,15
E0,2019-03-30,Burnley,Wolves,2,0,H,1,0,H,C Kavanagh,5,8,1,1,12,10,1,5,1,1,0,0,1.1333333333333333,1.3333333333333333,17,20,19,16
E0,2019-03-30,West Ham,Everton,0,2,A,0,2,A,P Tierney,3,17,1,9,7,14,4,9,1,1,0,0,1.6875,1.0,27,15,27,20
E0,2019-03-30,Man United,Watford,2,1,H,1,0,H,S Attwell,8,20,5,8,14,9,3,5,1,2,0,0,2.071428571428572,1.25,29,20,28,23
E0,2019-03-30,Fulham,Man City,0,2,A,0,2,A,K Friend,5,24,0,7,4,12,0,11,2,0,0,0,1.0,2.071428571428572,15,29,19,26
E0,2019-03-31,Cardiff,Chelsea,1,2,A,0,0,D,C Pawson,8,21,3,3,8,14,2,7,2,3,0,0,1.25,1.6666666666666667,20,25,18,21
E0,2019-03-31,Liverpool,Tottenham,2,1,H,1,0,H,M Atkinson,14,11,3,2,5,8,10,3,0,1,0,0,2.7333333333333334,2.0625,41,33,44,32
E0,2019-04-01,Arsenal,Newcastle,2,0,H,1,0,H,A Taylor,7,3,4,1,11,10,6,2,2,0,0,0,2.5625,0.8666666666666667,41,13,37,12
E0,2019-04-02,Watford,Fulham,4,1,H,1,1,D,R East,15,17,7,7,12,5,6,4,3,2,0,0,1.6428571428571428,0.125,23,2,19,10
E0,2019-04-02,Wolves,Man United,2,1,H,1,1,D,M Dean,9,18,2,4,5,11,3,5,1,2,0,1,1.6,1.8125,24,29,22,30
E0,2019-04-03,Chelsea,Brighton,3,0,H,1,0,H,G Scott,17,3,4,1,5,9,7,1,0,0,0,0,2.1333333333333333,0.7333333333333333,32,11,29,15
E0,2019-04-03,Man City,Cardiff,2,0,H,2,0,H,J Moss,27,4,11,1,3,17,7,4,0,3,0,0,2.8125,0.5714285714285714,45,8,53,9
E0,2019-04-03,Tottenham,Crystal Palace,2,0,H,0,0,D,A Marriner,26,5,10,1,8,5,8,2,1,0,0,0,2.0,1.3333333333333333,28,20,25,25
E0,2019-04-05,Southampton,Liverpool,1,3,A,1,1,D,P Tierney,11,17,1,5,8,7,7,5,2,4,0,0,1.2,2.1875,18,35,19,26
E0,2019-04-06,Newcastle,Crystal Palace,0,1,A,0,0,D,S Attwell,18,3,5,1,12,13,9,4,1,2,0,0,1.375,1.25,22,20,19,25
E0,2019-04-06,Bournemouth,Burnley,1,3,A,1,2,A,M Atkinson,10,11,2,3,12,16,3,6,2,3,0,0,1.625,0.8125,26,13,28,16
E0,2019-04-06,Huddersfield,Leicester,1,4,A,0,1,A,D Coote,10,18,4,9,13,11,8,5,3,0,0,0,0.5,1.3125,8,21,7,21
E0,2019-04-07,Everton,Arsenal,1,0,H,1,0,H,K Friend,23,7,6,2,8,9,9,6,1,4,0,0,1.5625,1.3571428571428572,25,19,23,26
E0,2019-04-08,Chelsea,West Ham,2,0,H,1,0,H,C Kavanagh,16,9,7,2,8,7,7,4,2,1,0,0,2.1875,1.0,35,15,32,14
E0,2019-04-12,Leicester,Newcastle,0,1,A,0,1,A,C Kavanagh,12,11,5,5,6,10,2,3,2,3,0,0,1.4375,0.8125,23,13,21,12
E0,2019-04-13,Brighton,Bournemouth,0,5,A,0,1,A,K Friend,8,14,1,7,10,6,4,1,2,4,1,0,1.4666666666666666,0.75,22,12,17,15
E0,2019-04-13,Burnley,Cardiff,2,0,H,1,0,H,M Dean,14,14,7,2,7,10,8,4,2,3,0,0,1.25,0.5333333333333333,20,8,21,9
E0,2019-04-13,Fulham,Everton,2,0,H,0,0,D,L Probert,12,8,5,1,8,10,7,3,2,1,0,0,0.9375,1.125,15,18,19,22
E0,2019-04-13,Man United,West Ham,2,1,H,1,0,H,G Scott,14,18,4,4,14,5,3,11,1,1,0,0,2.1333333333333333,0.9375,32,15,30,14
E0,2019-04-13,Southampton,Wolves,3,1,H,2,1,H,J Moss,13,17,6,2,13,8,4,9,1,3,0,0,1.125,1.25,18,20,20,16
E0,2019-04-13,Tottenham,Huddersfield,4,0,H,2,0,H,L Mason,22,7,5,1,10,12,4,2,2,2,0,0,2.066666666666667,0.375,31,6,27,11
E0,2019-04-14,Crystal Palace,Man City,1,3,A,0,1,A,M Atkinson,7,20,3,6,5,11,2,9,0,0,0,0,1.0,2.1333333333333333,16,32,13,28
E0,2019-04-14,Liverpool,Chelsea,2,0,H,0,0,D,M Oliver,15,6,7,3,5,9,9,2,0,1,0,0,2.75,1.75,44,28,46,23
E0,2019-04-15,Watford,Arsenal,0,1,A,0,1,A,C Pawson,11,19,3,6,12,8,6,4,2,0,1,0,1.7333333333333334,1.2666666666666666,26,19,23,26
E0,2019-04-16,Brighton,Cardiff,0,2,A,0,1,A,A Marriner,14,10,2,3,11,13,5,4,0,1,0,0,1.375,0.5,22,8,17,9
E0,2019-04-20,Bournemouth,Fulham,0,1,A,0,0,D,D Coote,15,17,5,5,11,18,3,7,1,3,0,0,1.5294117647058822,0.1176470588235294,26,2,29,11
E0,2019-04-20,Huddersfield,Watford,1,2,A,0,1,A,R East,13,11,3,6,15,9,2,2,2,2,0,0,0.4705882352941176,1.1764705882352942,8,20,8,24
E0,2019-04-20,Man City,Tottenham,1,0,H,1,0,H,M Oliver,15,10,4,4,11,11,4,4,1,2,0,0,2.823529411764706,1.9411764705882355,48,33,55,33
E0,2019-04-20,Newcastle,Southampton,3,1,H,2,0,H,A Taylor,15,15,6,3,5,11,4,11,0,2,0,0,1.2941176470588236,0.9375,22,15,19,16
E0,2019-04-20,West Ham,Leicester,2,2,D,1,0,H,L Probert,11,11,3,5,8,9,6,8,2,0,0,0,1.588235294117647,1.411764705882353,27,24,27,25
E0,2019-04-20,Wolves,Brighton,0,0,D,0,0,D,C Pawson,22,5,5,0,0,8,14,1,0,1,0,0,1.6875,0.6875,27,11,24,15
E0,2019-04-21,Arsenal,Crystal Palace,2,3,A,0,1,A,J Moss,12,16,5,7,15,12,8,3,4,1,0,0,2.588235294117647,1.3529411764705883,44,23,39,26
E0,2019-04-21,Cardiff,Liverpool,0,2,A,0,0,D,M Atkinson,7,17,2,6,6,5,5,10,1,1,0,0,1.1764705882352942,2.235294117647059,20,38,19,29
E0,2019-04-21,Everton,Man United,4,0,H,2,0,H,P Tierney,15,7,8,1,11,7,10,2,1,1,0,0,1.6470588235294117,1.7058823529411764,28,29,24,31
E0,2019-04-22,Chelsea,Burnley,2,2,D,2,2,D,K Friend,22,6,9,3,9,4,10,1,2,1,0,0,2.235294117647059,0.9411764705882352,38,16,34,19
E0,2019-04-23,Tottenham,Brighton,1,0,H,0,0,D,C Kavanagh,29,6,5,1,7,13,6,3,1,2,0,0,2.125,0.7058823529411765,34,12,31,15
E0,2019-04-23,Watford,Southampton,1,1,D,0,1,A,M Dean,15,8,4,4,10,14,3,4,5,2,0,0,1.625,0.8823529411764706,26,15,23,17
E0,2019-04-24,Man United,Man City,0,2,A,0,0,D,A Marriner,12,8,1,5,10,10,1,1,2,2,0,0,2.1875,2.1875,35,35,32,31
E0,2019-04-24,Wolves,Arsenal,3,1,H,3,0,H,S Attwell,11,11,3,1,12,9,5,5,2,3,0,0,1.6470588235294117,1.375,28,22,24,27
E0,2019-04-26,Liverpool,Huddersfield,5,0,H,3,0,H,K Friend,21,5,7,1,5,14,4,4,0,0,0,0,2.764705882352941,0.3529411764705882,47,6,48,11
E0,2019-04-27,Brighton,Newcastle,1,1,D,0,1,A,M Dean,9,9,2,1,7,10,7,4,2,3,0,0,1.2941176470588236,0.9411764705882352,22,16,17,13
E0,2019-04-27,Crystal Palace,Everton,0,0,D,0,0,D,L Mason,8,22,0,3,9,15,5,10,2,0,0,0,0.9411764705882352,1.0588235294117647,16,18,14,22
E0,2019-04-27,Fulham,Cardiff,1,0,H,0,0,D,C Kavanagh,8,13,2,8,10,8,10,3,0,0,0,0,1.0588235294117647,0.6470588235294118,18,11,21,11
E0,2019-04-27,Southampton,Bournemouth,3,3,D,1,2,A,G Scott,22,9,7,5,8,9,9,3,2,1,0,0,1.2352941176470589,0.8823529411764706,21,15,23,20
E0,2019-04-27,Tottenham,West Ham,0,1,A,0,0,D,A Taylor,14,16,4,7,3,8,2,7,0,2,0,0,2.176470588235294,0.8823529411764706,37,15,32,15
E0,2019-04-27,Watford,Wolves,1,2,A,0,1,A,S Hooper,10,11,1,4,10,11,4,5,3,2,0,0,1.588235294117647,1.1764705882352942,27,20,24,17
E0,2019-04-28,Burnley,Man City,0,1,A,0,0,D,P Tierney,2,25,0,7,5,7,0,6,1,1,0,0,1.3529411764705883,2.235294117647059,23,38,23,33
E0,2019-04-28,Leicester,Arsenal,3,0,H,0,0,D,M Oliver,24,6,12,1,13,13,8,6,3,1,0,1,1.3529411764705883,1.2941176470588236,23,22,21,28
E0,2019-04-28,Man United,Chelsea,1,1,D,1,1,D,M Atkinson,7,16,5,3,9,14,6,6,3,2,0,0,2.0588235294117645,1.6470588235294117,35,28,32,23
E0,2019-05-03,Everton,Burnley,2,0,H,2,0,H,C Kavanagh,20,5,6,1,8,9,8,1,0,2,0,0,1.7222222222222223,0.9444444444444444,31,17,28,21
E0,2019-05-04,West Ham,Southampton,3,0,H,1,0,H,S Attwell,17,11,6,1,2,11,2,7,1,1,0,0,1.5555555555555556,0.8888888888888888,28,16,29,18
E0,2019-05-04,Wolves,Fulham,1,0,H,0,0,D,J Moss,19,6,6,2,10,15,7,1,1,3,0,0,1.7222222222222223,0.2777777777777778,31,5,27,12
E0,2019-05-04,Bournemouth,Tottenham,1,0,H,0,0,D,C Pawson,20,11,6,5,11,12,10,6,1,5,0,2,1.4444444444444444,1.8333333333333333,26,33,29,33
E0,2019-05-04,Cardiff,Crystal Palace,2,3,A,1,2,A,M Oliver,18,21,8,7,14,11,10,5,0,0,0,0,1.1111111111111112,1.4444444444444444,20,26,19,29
E0,2019-05-04,Newcastle,Liverpool,2,3,A,1,2,A,A Marriner,14,11,7,4,10,4,2,3,1,1,0,0,1.3888888888888888,2.2777777777777777,25,41,22,31
E0,2019-05-05,Huddersfield,Man United,1,1,D,0,1,A,L Mason,7,23,3,7,10,10,3,7,1,1,0,0,0.4444444444444444,1.6111111111111112,8,29,9,31
E0,2019-05-05,Arsenal,Brighton,1,1,D,1,0,H,A Taylor,20,11,8,5,9,14,16,3,5,2,0,0,2.4444444444444446,0.6666666666666666,44,12,41,15
E0,2019-05-05,Chelsea,Watford,3,0,H,0,0,D,P Tierney,19,15,9,3,6,12,6,6,0,1,0,0,2.1666666666666665,1.2777777777777777,39,23,36,26
E0,2019-05-06,Man City,Leicester,1,0,H,0,0,D,M Dean,19,7,5,2,12,5,11,0,3,2,0,0,2.833333333333333,1.3888888888888888,51,25,56,27
